{"train_loss": 2.31288017578125, "_timestamp": 1709659523.992641, "_runtime": 43.61173605918884, "_step": 1, "_wandb": {"runtime": 43}}