{"train_loss": 2.31288017578125, "_timestamp": 1709660564.5766208, "_runtime": 52.64973187446594, "_step": 1, "_wandb": {"runtime": 50}}